<?xml version="1.0" encoding="UTF-8"?>
<manifest identifier="gb2404aaf7d037b7972c6eac59a6c0a26" xmlns="http://www.imsglobal.org/xsd/imsccv1p1/imscp_v1p1" xmlns:lom="http://ltsc.ieee.org/xsd/imsccv1p1/LOM/resource" xmlns:imsmd="http://www.imsglobal.org/xsd/imsmd_v1p2" xmlns:xsi="http://www.w3.org/2001/XMLSchema-instance" xsi:schemaLocation="http://www.imsglobal.org/xsd/imsccv1p1/imscp_v1p1 http://www.imsglobal.org/xsd/imscp_v1p1.xsd http://ltsc.ieee.org/xsd/imsccv1p1/LOM/resource http://www.imsglobal.org/profile/cc/ccv1p1/LOM/ccv1p1_lomresource_v1p0.xsd http://www.imsglobal.org/xsd/imsmd_v1p2 http://www.imsglobal.org/xsd/imsmd_v1p2p2.xsd">
  <metadata>
    <schema>IMS Content</schema>
    <schemaversion>1.1.3</schemaversion>
    <imsmd:lom>
      <imsmd:general>
        <imsmd:title>
          <imsmd:string>QTI Quiz Export for course "CSCI 0145: Introduction to Computing"</imsmd:string>
        </imsmd:title>
      </imsmd:general>
      <imsmd:lifeCycle>
        <imsmd:contribute>
          <imsmd:date>
            <imsmd:dateTime>2020-07-22</imsmd:dateTime>
          </imsmd:date>
        </imsmd:contribute>
      </imsmd:lifeCycle>
      <imsmd:rights>
        <imsmd:copyrightAndOtherRestrictions>
          <imsmd:value>yes</imsmd:value>
        </imsmd:copyrightAndOtherRestrictions>
        <imsmd:description>
          <imsmd:string>Private (Copyrighted) - http://en.wikipedia.org/wiki/Copyright</imsmd:string>
        </imsmd:description>
      </imsmd:rights>
    </imsmd:lom>
  </metadata>
  <organizations/>
  <resources>
    <resource identifier="g33f7a0baeb3b414ebad6dcd2801c8e76" type="imsqti_xmlv1p2">
      <file href="g33f7a0baeb3b414ebad6dcd2801c8e76/g33f7a0baeb3b414ebad6dcd2801c8e76.xml"/>
      <dependency identifierref="gd14b5dc125293b04d34b27d76b4dc2ff"/>
    </resource>
    <resource identifier="gd14b5dc125293b04d34b27d76b4dc2ff" type="associatedcontent/imscc_xmlv1p1/learning-application-resource" href="g33f7a0baeb3b414ebad6dcd2801c8e76/assessment_meta.xml">
      <file href="g33f7a0baeb3b414ebad6dcd2801c8e76/assessment_meta.xml"/>
    </resource>
  </resources>
</manifest>
