<?xml version="1.0" encoding="UTF-8"?>
<questestinterop xmlns="http://www.imsglobal.org/xsd/ims_qtiasiv1p2" xmlns:xsi="http://www.w3.org/2001/XMLSchema-instance" xsi:schemaLocation="http://www.imsglobal.org/xsd/ims_qtiasiv1p2 http://www.imsglobal.org/xsd/ims_qtiasiv1p2p1.xsd">
  <assessment ident="g33f7a0baeb3b414ebad6dcd2801c8e76" title="ReadingQuiz">
    <qtimetadata>
      <qtimetadatafield>
        <fieldlabel>cc_maxattempts</fieldlabel>
        <fieldentry>unlimited</fieldentry>
      </qtimetadatafield>
    </qtimetadata>
    <section ident="root_section">
      <item ident="gf5eafc603f942e3fa041aee3475b044b" title="Question">
        <itemmetadata>
          <qtimetadata>
            <qtimetadatafield>
              <fieldlabel>question_type</fieldlabel>
              <fieldentry>multiple_answers_question</fieldentry>
            </qtimetadatafield>
            <qtimetadatafield>
              <fieldlabel>points_possible</fieldlabel>
              <fieldentry>1.0</fieldentry>
            </qtimetadatafield>
            <qtimetadatafield>
              <fieldlabel>original_answer_ids</fieldlabel>
              <fieldentry>2837,1456,3906,6376,9658,6576</fieldentry>
            </qtimetadatafield>
            <qtimetadatafield>
              <fieldlabel>assessment_question_identifierref</fieldlabel>
              <fieldentry>gdee18f7417ec4ed9be647214d7249403</fieldentry>
            </qtimetadatafield>
          </qtimetadata>
        </itemmetadata>
        <presentation>
          <material>
            <mattext texttype="text/html">&lt;div&gt;&lt;p&gt;Which of the following Python expressions evaluate to 4?&lt;/p&gt;&lt;/div&gt;</mattext>
          </material>
          <response_lid ident="response1" rcardinality="Multiple">
            <render_choice>
              <response_label ident="2837">
                <material>
                  <mattext texttype="text/plain">2 + 2</mattext>
                </material>
              </response_label>
              <response_label ident="1456">
                <material>
                  <mattext texttype="text/plain">2 * 2</mattext>
                </material>
              </response_label>
              <response_label ident="3906">
                <material>
                  <mattext texttype="text/plain">2 / 2</mattext>
                </material>
              </response_label>
              <response_label ident="6376">
                <material>
                  <mattext texttype="text/plain">2 - 2</mattext>
                </material>
              </response_label>
              <response_label ident="9658">
                <material>
                  <mattext texttype="text/plain">2 ** 2</mattext>
                </material>
              </response_label>
              <response_label ident="6576">
                <material>
                  <mattext texttype="text/plain">2 % 2</mattext>
                </material>
              </response_label>
            </render_choice>
          </response_lid>
        </presentation>
        <resprocessing>
          <outcomes>
            <decvar maxvalue="100" minvalue="0" varname="SCORE" vartype="Decimal"/>
          </outcomes>
          <respcondition continue="No">
            <conditionvar>
              <and>
                <varequal respident="response1">2837</varequal>
                <not>
                  <varequal respident="response1">1456</varequal>
                </not>
                <not>
                  <varequal respident="response1">3906</varequal>
                </not>
                <not>
                  <varequal respident="response1">6376</varequal>
                </not>
                <not>
                  <varequal respident="response1">9658</varequal>
                </not>
                <not>
                  <varequal respident="response1">6576</varequal>
                </not>
              </and>
            </conditionvar>
            <setvar action="Set" varname="SCORE">100</setvar>
          </respcondition>
        </resprocessing>
      </item>
    </section>
  </assessment>
</questestinterop>
